-- 1. Divisions
INSERT INTO public.divisions (id, name, code, competition_type, display_order) VALUES
  ('11111111-1111-1111-1111-111111111111', '고등 남자부', 'HIGH_MALE', 'GROUP_KNOCKOUT_4', 1),
  ('22222222-2222-2222-2222-222222222222', '중등 남자부', 'MIDDLE_MALE', 'GROUP_KNOCKOUT_8', 2),
  ('33333333-3333-3333-3333-333333333333', '중등 여자부', 'MIDDLE_FEMALE', 'GROUP_KNOCKOUT_4', 3),
  ('44444444-4444-4444-4444-444444444444', '초등 남자부', 'ELEMENTARY_MALE', 'ROUND_ROBIN_FINAL', 4),
  ('55555555-5555-5555-5555-555555555555', '초등 여자부', 'ELEMENTARY_FEMALE', 'ROUND_ROBIN_FINAL', 5)
  ON CONFLICT DO NOTHING;

-- 2. Groups
INSERT INTO public.groups (id, division_id, name, code, display_order) VALUES
('00009999-0000-0000-0000-000000000001', '11111111-1111-1111-1111-111111111111', 'A조', 'A', 1),
('00009999-0000-0000-0000-000000000002', '11111111-1111-1111-1111-111111111111', 'B조', 'B', 2),
('00009999-0000-0000-0000-000000000003', '22222222-2222-2222-2222-222222222222', 'A조', 'A', 1),
('00009999-0000-0000-0000-000000000004', '22222222-2222-2222-2222-222222222222', 'B조', 'B', 2),
('00009999-0000-0000-0000-000000000005', '22222222-2222-2222-2222-222222222222', 'C조', 'C', 3),
('00009999-0000-0000-0000-000000000006', '22222222-2222-2222-2222-222222222222', 'D조', 'D', 4),
('00009999-0000-0000-0000-000000000007', '33333333-3333-3333-3333-333333333333', 'A조', 'A', 1),
('00009999-0000-0000-0000-000000000008', '33333333-3333-3333-3333-333333333333', 'B조', 'B', 2),
('00009999-0000-0000-0000-000000000009', '44444444-4444-4444-4444-444444444444', '풀리그', 'LEAGUE', 1),
('00009999-0000-0000-0000-000000000010', '55555555-5555-5555-5555-555555555555', '풀리그', 'LEAGUE', 1)
  ON CONFLICT DO NOTHING;

-- 3. Teams
INSERT INTO public.teams (id, division_id, group_id, school_name, team_name, short_name, display_order) VALUES
('00008888-0000-0000-0000-000000000001', '11111111-1111-1111-1111-111111111111', '00009999-0000-0000-0000-000000000001', '고등A1', '고등A1', '고등A1', 1),
('00008888-0000-0000-0000-000000000002', '11111111-1111-1111-1111-111111111111', '00009999-0000-0000-0000-000000000001', '고등A2', '고등A2', '고등A2', 2),
('00008888-0000-0000-0000-000000000003', '11111111-1111-1111-1111-111111111111', '00009999-0000-0000-0000-000000000001', '고등A3', '고등A3', '고등A3', 3),
('00008888-0000-0000-0000-000000000004', '11111111-1111-1111-1111-111111111111', '00009999-0000-0000-0000-000000000001', '고등A4', '고등A4', '고등A4', 4),
('00008888-0000-0000-0000-000000000005', '11111111-1111-1111-1111-111111111111', '00009999-0000-0000-0000-000000000001', '고등A5', '고등A5', '고등A5', 5),
('00008888-0000-0000-0000-000000000006', '11111111-1111-1111-1111-111111111111', '00009999-0000-0000-0000-000000000002', '고등B1', '고등B1', '고등B1', 1),
('00008888-0000-0000-0000-000000000007', '11111111-1111-1111-1111-111111111111', '00009999-0000-0000-0000-000000000002', '고등B2', '고등B2', '고등B2', 2),
('00008888-0000-0000-0000-000000000008', '11111111-1111-1111-1111-111111111111', '00009999-0000-0000-0000-000000000002', '고등B3', '고등B3', '고등B3', 3),
('00008888-0000-0000-0000-000000000009', '11111111-1111-1111-1111-111111111111', '00009999-0000-0000-0000-000000000002', '고등B4', '고등B4', '고등B4', 4),
('00008888-0000-0000-0000-000000000010', '11111111-1111-1111-1111-111111111111', '00009999-0000-0000-0000-000000000002', '고등B5', '고등B5', '고등B5', 5),
('00008888-0000-0000-0000-000000000011', '22222222-2222-2222-2222-222222222222', '00009999-0000-0000-0000-000000000003', '남중A1', '남중A1', '남중A1', 1),
('00008888-0000-0000-0000-000000000012', '22222222-2222-2222-2222-222222222222', '00009999-0000-0000-0000-000000000003', '남중A2', '남중A2', '남중A2', 2),
('00008888-0000-0000-0000-000000000013', '22222222-2222-2222-2222-222222222222', '00009999-0000-0000-0000-000000000003', '남중A3', '남중A3', '남중A3', 3),
('00008888-0000-0000-0000-000000000014', '22222222-2222-2222-2222-222222222222', '00009999-0000-0000-0000-000000000004', '남중B1', '남중B1', '남중B1', 1),
('00008888-0000-0000-0000-000000000015', '22222222-2222-2222-2222-222222222222', '00009999-0000-0000-0000-000000000004', '남중B2', '남중B2', '남중B2', 2),
('00008888-0000-0000-0000-000000000016', '22222222-2222-2222-2222-222222222222', '00009999-0000-0000-0000-000000000004', '남중B3', '남중B3', '남중B3', 3),
('00008888-0000-0000-0000-000000000017', '22222222-2222-2222-2222-222222222222', '00009999-0000-0000-0000-000000000005', '남중C1', '남중C1', '남중C1', 1),
('00008888-0000-0000-0000-000000000018', '22222222-2222-2222-2222-222222222222', '00009999-0000-0000-0000-000000000005', '남중C2', '남중C2', '남중C2', 2),
('00008888-0000-0000-0000-000000000019', '22222222-2222-2222-2222-222222222222', '00009999-0000-0000-0000-000000000005', '남중C3', '남중C3', '남중C3', 3),
('00008888-0000-0000-0000-000000000020', '22222222-2222-2222-2222-222222222222', '00009999-0000-0000-0000-000000000006', '남중D1', '남중D1', '남중D1', 1),
('00008888-0000-0000-0000-000000000021', '22222222-2222-2222-2222-222222222222', '00009999-0000-0000-0000-000000000006', '남중D2', '남중D2', '남중D2', 2),
('00008888-0000-0000-0000-000000000022', '22222222-2222-2222-2222-222222222222', '00009999-0000-0000-0000-000000000006', '남중D3', '남중D3', '남중D3', 3),
('00008888-0000-0000-0000-000000000023', '22222222-2222-2222-2222-222222222222', '00009999-0000-0000-0000-000000000006', '남중D4', '남중D4', '남중D4', 4),
('00008888-0000-0000-0000-000000000024', '33333333-3333-3333-3333-333333333333', '00009999-0000-0000-0000-000000000007', '여중A1', '여중A1', '여중A1', 1),
('00008888-0000-0000-0000-000000000025', '33333333-3333-3333-3333-333333333333', '00009999-0000-0000-0000-000000000007', '여중A2', '여중A2', '여중A2', 2),
('00008888-0000-0000-0000-000000000026', '33333333-3333-3333-3333-333333333333', '00009999-0000-0000-0000-000000000007', '여중A3', '여중A3', '여중A3', 3),
('00008888-0000-0000-0000-000000000027', '33333333-3333-3333-3333-333333333333', '00009999-0000-0000-0000-000000000007', '여중A4', '여중A4', '여중A4', 4),
('00008888-0000-0000-0000-000000000028', '33333333-3333-3333-3333-333333333333', '00009999-0000-0000-0000-000000000008', '여중B1', '여중B1', '여중B1', 1),
('00008888-0000-0000-0000-000000000029', '33333333-3333-3333-3333-333333333333', '00009999-0000-0000-0000-000000000008', '여중B2', '여중B2', '여중B2', 2),
('00008888-0000-0000-0000-000000000030', '33333333-3333-3333-3333-333333333333', '00009999-0000-0000-0000-000000000008', '여중B3', '여중B3', '여중B3', 3),
('00008888-0000-0000-0000-000000000031', '33333333-3333-3333-3333-333333333333', '00009999-0000-0000-0000-000000000008', '여중B4', '여중B4', '여중B4', 4),
('00008888-0000-0000-0000-000000000032', '44444444-4444-4444-4444-444444444444', '00009999-0000-0000-0000-000000000009', '남초1', '남초1', '남초1', 1),
('00008888-0000-0000-0000-000000000033', '44444444-4444-4444-4444-444444444444', '00009999-0000-0000-0000-000000000009', '남초2', '남초2', '남초2', 2),
('00008888-0000-0000-0000-000000000034', '44444444-4444-4444-4444-444444444444', '00009999-0000-0000-0000-000000000009', '남초3', '남초3', '남초3', 3),
('00008888-0000-0000-0000-000000000035', '44444444-4444-4444-4444-444444444444', '00009999-0000-0000-0000-000000000009', '남초4', '남초4', '남초4', 4),
('00008888-0000-0000-0000-000000000036', '44444444-4444-4444-4444-444444444444', '00009999-0000-0000-0000-000000000009', '남초5', '남초5', '남초5', 5),
('00008888-0000-0000-0000-000000000037', '55555555-5555-5555-5555-555555555555', '00009999-0000-0000-0000-000000000010', '여초1', '여초1', '여초1', 1),
('00008888-0000-0000-0000-000000000038', '55555555-5555-5555-5555-555555555555', '00009999-0000-0000-0000-000000000010', '여초2', '여초2', '여초2', 2),
('00008888-0000-0000-0000-000000000039', '55555555-5555-5555-5555-555555555555', '00009999-0000-0000-0000-000000000010', '여초3', '여초3', '여초3', 3),
('00008888-0000-0000-0000-000000000040', '55555555-5555-5555-5555-555555555555', '00009999-0000-0000-0000-000000000010', '여초4', '여초4', '여초4', 4)
  ON CONFLICT DO NOTHING;

-- 4. Matches (Placeholder for 62 matches)
INSERT INTO public.matches (division_id, stage, match_no, match_date, start_time, status) VALUES
  ('11111111-1111-1111-1111-111111111111', 'GROUP', 1, '2026-07-07', '14:00:00', 'SCHEDULED'),
  ('11111111-1111-1111-1111-111111111111', 'GROUP', 2, '2026-07-07', '15:00:00', 'SCHEDULED')
  ON CONFLICT DO NOTHING;